source,text,sentiment
news,"Confluent stock soars 29% as IBM announces $11 billion acquisition deal - CNBC <ol><li><a href=""https://news.google.com/rss/articles/CBMibEFVX3lxTE41azVMREdFcDJITTk3NTFzNUZEam83VzVpSDRHT0xrNEIySXNVZHlCMUJUdlFibUEzLXc3eWlBN3FHdWpJTnBHWnR3aFdQZ1FXeUl0d1lKTmNPbVZ2ZENrRUdNanc0VXQ2OGdGedIBckFVX3lxTE41dUZ6S2Z3U3htRTk0djJsemlOX1VSNDBNWkZ5X1l1MTZzbTdMc2wwWERHaDBELU9xWXZKMUJjN1dmSGc1WE5iX2VZUU52RXA4S3ZQblFuRmtUV29aLWx2bENMZFQ1LXNNUFNKbGx4R1ZJdw?oc=5"" target=""_blank"">Confluent stock soars 29% as IBM announces $11 billion acquisition deal</a>&nbsp;&nbsp;<font color=""#6f6f6f"">CNBC</font></li><li><a href=""https://news.google.com/rss/articles/CBMilgFBVV95cUxPZ2dlV1hCbGVXY0tvSXlYVHZSRjFLQVJ3QVIxREk5MjZQOTJTU0VmUDFOQWFYQTkyOU9ka0V4cXRrVlA3TjdfUGxrZk5qN2FTUFZ3YlZyUlZ4WEU5cWFiRHUzQkVwT1ZwZ1BNbTFlUTJRdjNfQW1DMGpTVVMtRjhNUy00dG8wYUF2UEhvVHVNc0IyczRnT1E?oc=5"" target=""_blank"">Exclusive | IBM Strikes $11 Billion Deal for Confluent</a>&nbsp;&nbsp;<font color=""#6f6f6f"">The Wall Street Journal</font></li><li><a href=""https://news.google.com/rss/articles/CBMi1gFBVV95cUxOREFfNy1Ba2hKcHZMWDR3NXZremY3VTVwQlIxbjNDS1RzQURQSExTTG8yb2YxeDRnU01sWHJSNllDbzMyYjV2SldPLUZ3ZTQ5ZUp3Q29xQ1c2RkUydE55aEVqdUpFNXUtZjR1U18zWnNvYXc4STh5TW83d0xDdnF3N2c1bUttMHphSW5LUlFiZTVCNmhLdXpETGhYWEtES0FJeU9uVE1CVkV3UUFOa1F1YmpCMEx5bldmQVdmU3ZBLTB4d2lKcnRUYlh3TmhZZkllc3RGUHVB?oc=5"" target=""_blank"">IBM to Acquire Confluent to Create Smart Data Platform for Enterprise Generative AI</a>&nbsp;&nbsp;<font color=""#6f6f6f"">PR Newswire</font></li><li><a href=""https://news.google.com/rss/articles/CBMisAFBVV95cUxQSnR5ZXVrRTNIWE02cFl0XzE3MkdxbzBOSXR0VXQ1Ukc0S2tWZTYtdXRTWW5ZTUxyQWpkSTVwVEZqajVEWjdveWhycGxmVVdKQWRKdXk1NWdOT2U2NlRWamc1Y3Z5RS1vQ0x4SmQ5QW15NFlfNGdFTlUxaFRjUjUwb3dZdC1HV25yWWVPRWZ3Wmp1VmExY2dlZzNPOEg5Y193aVdyYkNxdXVlbnBteEt4OQ?oc=5"" target=""_blank"">IBM to Buy Confluent for $9.3 Billion to Expand AI Services</a>&nbsp;&nbsp;<font color=""#6f6f6f"">Bloomberg.com</font></li><li><a href=""https://news.google.com/rss/articles/CBMiuwFBVV95cUxNbWhDa0lVS2JCNm4zZkt4WjRKSW0zVkpTamZjMkZhMUdzSnFYeHhjVFhqdk9TZUV0ZVNpUUcyTU5BRzJMeWpDSFQ4Q0o2Si1PMkhzLW9yY3p3cUthSy05ajRIRlVkVUZmSmhqdFNLZlhjeHpOc05VcjJSbTM2OTM1Qkx5RVRWbnN3ZEtRN1RUQTNrbjRTNjBsVG5ERUc4NXdvRlYwaHRiUXB3NjRMTWZ4dlVKRlZwMWJVb0Nn0gHCAUFVX3lxTE1DQndfTHZjY1BxWVcwVEVEQl9tdlVyNlBpMGVpY2dSaWVOVUF5YjNPc0g3c2hybG5lZ0Z4YVpJci1VSzAxeTFnRDFnVVE5cE5tYzI3emQwbWs2TUtwbW1vSnhCaGhWaXZaR2dEQzYtQUpleElnNDdXSnpDZW1makdoazl1S3hkdFNLSnhBNWd0cElpVXFlbXVlX2pib2MzVHBreEltTkwwcUNQYXYxM3BiRmsxSWp2aVlGT3VYOGtUMzBB?oc=5"" target=""_blank"">IBM nears roughly $11 billion deal for Confluent: Report</a>&nbsp;&nbsp;<font color=""#6f6f6f"">The Hindu</font></li><li><a href=""https://news.google.com/rss/articles/CBMipgJBVV95cUxQYVBBVUhKUkt3eHhQV25UQWg2M1k5ZVdCNFhreU0zVW5saUJNazhrWC1EbnFBQVhSV3BWODRtS0pFdGhFdjdVeFlacng1UlhXVlBRUURqQjlaQ2FSSGgtQUh0VkpfazZ4T2cydVlxMVAtSUlvdF9Nc0E5UXN0ZDQ4NEFZZ3RBNE9Banpic1l3SWExTE8xVWJJZmMwY3pibjhqNWt6R0xrRnpudVU4T3N2SFp0T3MzT0tWTjBuOGJmekJPbUsxUlBIam9WTjBPcHcwNnEwLUllQlZEVFg2ajVkUHBEYXQwVGJkbFlzT0V2R0ljVzJQSXlFbV9MOUdBNGctZVEzVkRZOE5kSU95b1pGb2U5Tl9TQTliTmV4VjBXNkFIbmtIUUHSAasCQVVfeXFMT3NxcXJKSnE2TWRORmc0LVd3TFZHbFA5V3hTWDFHNEdtTlNBQjd5UW80WGl2c2dncl9fNE9sb2FIakxrVDJ2aVFSTDNmczBTbHRuMHdxelR1RFdyRmZTakQ5SE9iNnY1ZUxleTZtM2RDZ21LdzZINl9XaEdVMXpjUmE5aExvWmt4MUJENWRHSmhqbGJoVjNWd1pxUXVoeW1vak5OTGNmOXNXMlY2eGNHQnYxcERINW0yczMxdEVyY2NfaFNkODZjc2F5c2MzWGtMTmpFMHkzZER2Ym5RSGNITjhRZHBPZTJYZFItcUZZOGNPdXdZaTdOQk9ZZTVKeGVFY2FneURRRTZ0UXBKVlUyVEFUQkt0Sk5xV1FzU0hRTzV3R0dYci01a0F1bG8?oc=5"" target=""_blank"">AI expansion: IBM snaps up Confluent in $11-billion deal; data streaming seen as key to faster AI deploym</a>&nbsp;&nbsp;<font color=""#6f6f6f"">The Times of India</font></li><li><a href=""https://news.google.com/rss/articles/CBMif0FVX3lxTE1SUXNzdzdMdUJpalpGVUFxUUtTU2R0MWw1aVdhVC1ISXIweHZLeHZ2bk5va0RHaUY5NVhmanB0MUFpMWxGd2JTendzLXJXT2Ywamt3UUo3bEpRSkpyR3Q3THhnQjkzYVVSV3VGRWViNFBGMnNNdmZfalFkXzUzOGc?oc=5"" target=""_blank"">IBM accelerates cloud drive with $11 billion Confluent deal as AI demand booms</a>&nbsp;&nbsp;<font color=""#6f6f6f"">Yahoo Finance</font></li><li><a href=""https://news.google.com/rss/articles/CBMipAFBVV95cUxNYWdIdHM3MFU3NEVIdmF4dFdlOG0wRzhmaS1nZ1dhVGxxaG16OGE5NlJ3UHdtYUsyMy1hSFBqLV9hMDJ1YXVydHpkY0lfMU0wbGJhcFBiRWFjTVFERkN1R1BYUVI0amY4R1N3Zm85dDZ6cHFNOXpYaGZ6YVVEam9zQU91MVdQTmVqZmVvaXUyaDVrc1hBUGp1TXUzNnZaems2cHJ0Qw?oc=5"" target=""_blank"">IBM nears $11 billion Confluent deal to boost cloud push, WSJ reports</a>&nbsp;&nbsp;<font color=""#6f6f6f"">Reuters</font></li><li><a href=""https://news.google.com/rss/articles/CBMicEFVX3lxTE9vUjhOQllYZzZPUTVRRTR6Y3RfcTRuWmdaYVQtcnRfWHJzanl1WmZKSmxPczJWUEhVMkt5aS1yN09EcjlLbGh0V1p3OVdpa1Y3UXNvT0dwbVQ2bTVhV3ZEcENZbWRCR2VkN1VkcXZua20?oc=5"" target=""_blank"">IBM extends AI push with $11bn takeover of Confluent</a>&nbsp;&nbsp;<font color=""#6f6f6f"">Financial Times</font></li></ol>",0.8053
news,"IBM puts $330-mn global media account into review; WPP media not defending - Exchange4Media <a href=""https://news.google.com/rss/articles/CBMizAFBVV95cUxNRXVxV3Q1TnNVc3dLSTgwYXFKOFl4MVc3SzFxZHRXNzBTSFhuRkh6VEQ5ZXJEdG83X2FJM2w0dHhtajVxSTN1ZTF6dk1LV2kwS2ZZMUhvRURHUjIyS1l4aW1TMkxUbWItZ0k4N1FPaWdvbkdTaG81VGVPeG9IbUtPQnJQZHdtMXU1YWx1eU9LUWNSWTNUOHNiRzdtMDZtWlZFa25JSms3Tzl0cm5kYmVPWmFhWGpGRE12b192YmJuY0U0OTZDdk96UDdzd1o?oc=5"" target=""_blank"">IBM puts $330-mn global media account into review; WPP media not defending</a>&nbsp;&nbsp;<font color=""#6f6f6f"">Exchange4Media</font>",0.0
news,"IBM to Acquire Confluent to Create Smart Data Platform for Enterprise Generative AI - IBM Newsroom <a href=""https://news.google.com/rss/articles/CBMiuwFBVV95cUxPM0JKZFlCeGxyaTFMT2JSV1NQdXJ1Rm5Udi1RRVpHZzIzbUxMRXJIVEdicDVPUnJsQ2NlclBsS1dTNU1iQ19NaWJUQnFKb2RzQTAtY0c2bFYyTkZldFJxT05KQW1XMGdKc2EwcFlzajJnY3lBajNHdS11elVVUmF0UUZZbjQ2VnpQZjNQYU01dUlWd2RMNmQ0YUdjZllaV1J5c0dlS3Q0LTNkZF9HYVo2LVFSbnRZSHVZSzk4?oc=5"" target=""_blank"">IBM to Acquire Confluent to Create Smart Data Platform for Enterprise Generative AI</a>&nbsp;&nbsp;<font color=""#6f6f6f"">IBM Newsroom</font>",0.8225
news,"Riyadh Air and IBM Partner to Launch World's First AI-Native Airline - IBM Newsroom <a href=""https://news.google.com/rss/articles/CBMipgFBVV95cUxPZW8xVGhqNGU5aG9aRUFuS3c2WHRIUG9zZUVTZVpsc3JDTlJIR3pmTExHVlNfaUZRdTF4RE55VXJINVhUVGJDekI1a1ZFYU5HaTJYLWFpUGd0UUVYdm1UcmhBZGpIWmRJOWdBQWxJQjM0X0JjdGJCc3VsbHZQTXJfRTF4N1ozZGI0RDdWQ2RHWEdxS0FPdzFhZm9adUlieEVfcTNXUXpR?oc=5"" target=""_blank"">Riyadh Air and IBM Partner to Launch World's First AI-Native Airline</a>&nbsp;&nbsp;<font color=""#6f6f6f"">IBM Newsroom</font>",0.0
news,"IBM Designated as a Critical Third-Party Provider Under EU DORA - IBM Newsroom <a href=""https://news.google.com/rss/articles/CBMioAFBVV95cUxOZE41TVdXMkE2X2NfT0hPbDlkOTBNWFdpeDhXcHRkVTlKbFc3M09LMjBUbWI4WDl1ZnF5LTVmNVlEMnluOFRyYWRCYVhnVUNIWTVCeGo0V0JSdWdWN2dGTzBFYU9FR2NKRFV3dEVFVnMwbUhsazU1WkxLVXFReVRMeU9KN09NNXUtUUVHWWZvRHhyeklsd2p4WXRrUnRoRU9W?oc=5"" target=""_blank"">IBM Designated as a Critical Third-Party Provider Under EU DORA</a>&nbsp;&nbsp;<font color=""#6f6f6f"">IBM Newsroom</font>",-0.5574
news,"IBM begins global review of $330 million media account - Social Samosa <a href=""https://news.google.com/rss/articles/CBMiqAFBVV95cUxPVXRqZGFfU2JodHg2c2ZwUDlKMS1fYW1xMFBlazdFaFVwbE0xSWhmT2JROVZLOVlxZmFUVGl3SHdzTTFjR3BCMmFhRjltSGZzNHNFdlo2RjRPM3JCNkJRY1ltYzBhOVRURGJFcHVMdWkxQ3AycUhHOWJuTnZ6aVdvcEE1aE1uZVNhVjh4RTVodXFwcTl6Y1JqOGxqT1VqX1ItOUhFd2s3LUfSAagBQVVfeXFMT1V0amRhX1NiaHR4NnNmcFA5SjEtX2FtcTBQZWs3RWhVcGxNMUloZk9iUTlWSzlZcWZhVFRpd0h3c00xY0dwQjJhYUY5bUhmczRzRXZaNkY0TzNyQjZCUWNZbWMwYTlUVERiRXB1THVpMUNwMnFIRzlibk52emlXb3BBNWhNbmVTYVY4eEU1aHVxcHE5emNSajhsak9Val9SLTlIRXdrNy1H?oc=5"" target=""_blank"">IBM begins global review of $330 million media account</a>&nbsp;&nbsp;<font color=""#6f6f6f"">Social Samosa</font>",0.0
news,"Myntra–Meesho–Nykaa boost creator commerce | IBM starts $330M media review | EU opens probe into Google’s alleged misuse - Storyboard18 <a href=""https://news.google.com/rss/articles/CBMi_wFBVV95cUxPTjdOYXBIaHBjanZzT2xYZnpUenpmMEk4emh5RXhOZDJBQ0FxX3JOcnF6dlFHV3ByR1RXQ3RzaUNvNUVObzlqUUx1Wm8yY3ZuSWlwQ2FHalNOV25QVFVNZ21ickM2OEpjc2gtcVdGQVlfMmNpaGJKd0RjOVFKdmVnam5JNndGWFFTZlNuYk9OUlhxS3MwNUFlUW8xLVVfMXNCcVgzTklpQUxHN0F1Q214MmhTei1HTjluaS10M0tzdDR3dnpjaHBWSUVvRmw3UGRTZzRPX1lyLW5wZnVEUk8tNnowZ3hxMWJKVXY1cEh4RE10RnM3NkxWbDlsdEtrb3PSAYQCQVVfeXFMUHlJUExLMEdOUVN3R1g5RFBEdGMzQ0JXa3NOWkR4LTlCOVp3UkJ2UVRKYWxtX0pmZGduUW9Icmw2M2R4RjVoYVVGWUNZTWc1bzR1b0xPZXhCaFJBdGVGMDVHWUVkeGFaVHc5NVNmcXZvcnYyei01ZWZXWF9FRUk5c3JlOG5kVEhrd2ltd2FwdExOcExuMXVzemllUWVUZ3RRczdtUGlyWVdySHkyaFFyWFU0WmZkcjdQQXljaHZxTVZjQ05DMU5DeXVRcjJiZk9IeVhxNlJhdlZRY2JLWk5GdVFydHBBcGE3VGgydXVER291SWVoVVVPbGJod0p6YmExVl80djY?oc=5"" target=""_blank"">Myntra–Meesho–Nykaa boost creator commerce | IBM starts $330M media review | EU opens probe into Google’s alleged misuse</a>&nbsp;&nbsp;<font color=""#6f6f6f"">Storyboard18</font>",0.6597
news,"IBM calls for global agency review of $330 million media business - Storyboard18 <a href=""https://news.google.com/rss/articles/CBMitgFBVV95cUxNTHFPeWMxOXpUNklmVzNGSmJVS1R4VzIxc0FDYzNJdTBzTlA0bnlZV09WWm1GTFN5S2p5a1JpM0dwSGE4MVRaTnhsb19HRHBpZWpYVTgzZWZGaUNQQ2gtOHBzNWNHMkR1RjBQdi1wS25KY3hQMjRJTTl6eHVqYnc2LWNJZWN0a0k3LTdEczRLeXl3X1p3b01zeXhodldtSS1BYVZuaTFmeVhQMDVTODRHaHBYR3Bmd9IBuwFBVV95cUxNeDF5MEM5aVlGRTh3TnNlSGlqOWpGLXZ2d2pYRE1JR3NsemRGNFh4eDB6aThUblJvZXlEaU9qTzRaRi10UFJfS2JrNVprb28xUGs0WElkZFhtYjVmTW8wNkZUbWYyVDF5RjQwbUJLaHVKQks2R19jRVI2WTRXb2VfM05UUFlKVW1LYWdKNjJaM0d6cmNETlhVZXJ5MllzaS1tdzMzbVBFb0l1Wkl1Uk5IeDBjUkhzekNtemw4?oc=5"" target=""_blank"">IBM calls for global agency review of $330 million media business</a>&nbsp;&nbsp;<font color=""#6f6f6f"">Storyboard18</font>",0.0
news,"IBM Stock: What's Next For Tech Giant After Biggest Acquisition In Six Years - Investor's Business Daily <a href=""https://news.google.com/rss/articles/CBMijAFBVV95cUxPcXRyV2UxdU5ManNRcjhIcVVzck43M0dNTC1fc1JwUFQ3OWFUTTd1WGl3a3ZvVU5sYzlNeVVqSGZlODVPeTFESEdUdnJSdVFZdUI0eXY1Z3dCN0g1cW1jRjBHazhGTkpxQ2NXUU01WFJNdm93Xy1QZ2tGMUVRZ2NwNzRhUWJya29BNjE5bg?oc=5"" target=""_blank"">IBM Stock: What's Next For Tech Giant After Biggest Acquisition In Six Years</a>&nbsp;&nbsp;<font color=""#6f6f6f"">Investor's Business Daily</font>",0.0
news,"IBM reportedly in talks to acquire data infrastructure company Confluent for $11 billion - The Times of India <a href=""https://news.google.com/rss/articles/CBMi_wFBVV95cUxPZWVrdUJKYUIyRGg0TUlmNXRpTUpaRm80b3BZdzR1TG1FOVpBX2UtUzFQYW9TbHNiYWZqQUpCOV9GTkpyWk5SMXE3MHk1azNwazcxbVI2TXQyc3psSV9BZk8zaDdmSXM4b1FqaHlVU2trbkhIemEtakFjR1RsbmZOWnFzT3ZwLVhsWUxrUjFKR0kwRkZXWmhKRHVQSjRjNEMwU2lsNDRaNjZ6OW02S1lOUTNmRGJ5WWVuZEp5UzBHLUtGUlJSSVdyY0hEYTFqV1JPSy0zbkljbzJCeml6ZVN6U0xVeUtzRVZ0czVGam5XMm1zc1RpYmZjVDZ0NGxtdE3SAYQCQVVfeXFMTTFRN2N1UmhmN0U1YWd5WUZyQU9YcmRpM2RTaDVsY0wwbGJEUXhSMzhiZm9GelVTektTVVNvMlRWYk1hZ3pGeWVkUmJQRmVMR3RXR3VBMjRHc1owTHNsNHlLS25XYnZoWGw3TFFPNjJDckY3eHlyb3BPNXpXZjRCUUpsRWdMUlRmZG9FYTR5akR5NGJ4bjl4ajBiMG5rSHhBOS1NYTJuTGdsbFZnY1UxdVo3LXh2cy1jM0tYVlFZdXNPM2NZX0pxTE5nVjlCTlFHT1d6YWNLZENzSDhzVmRCLWR3UzhTNDBnd25VZUgwZ1NOZ1BLVEZjMDRWMktTTllqSFhCN3U?oc=5"" target=""_blank"">IBM reportedly in talks to acquire data infrastructure company Confluent for $11 billion</a>&nbsp;&nbsp;<font color=""#6f6f6f"">The Times of India</font>",0.0
news,"IBM to Acquire Confluent to Accelerate Hybrid Cloud and AI Strategy - Elets CIO <a href=""https://news.google.com/rss/articles/CBMiqwFBVV95cUxNQ1dXd3ltYW4ybnVxcHhlVUVvd0xGWV9oanJiSnhLaUdhNmhtZzRLSEhqVFFLNDJZV09Ec0RNNWVpREt6TzNVd0lmQjJNSHJPVkRnb0RERFVkS0gyM2NMYnI5RnRXaWMtRmthMXZVMzYxWnpPWjZZbXpZYnRyUHBGOHJOaHNoWW81WHo0ZGZkMTJLZ3pZRVpNeTk4V2otNnM4c25nSm5EaDZMbVk?oc=5"" target=""_blank"">IBM to Acquire Confluent to Accelerate Hybrid Cloud and AI Strategy</a>&nbsp;&nbsp;<font color=""#6f6f6f"">Elets CIO</font>",0.0
news,"IBM CEO to Google, Amazon, Microsoft and other tech companies: Does not make sense to ... - The Times of India <a href=""https://news.google.com/rss/articles/CBMi-gFBVV95cUxNd1dkQTVsTW1MVEpIWTYyY1Z2bDBUdnRsNXg2bFJxSmxLeDRSTHRLRllWUWlsSmVaLUZJMVBxUkZHcDZLdHR6aThYbmg3Qk9XTnVDSzRjaHV2djRndTdHT283ampYMmRHYlBvaEQ1S1RWbWhENGtCSzZoazJEbFc2akE2VmE2NDl0NDdRcF9QQUk5ckNGTERiX0JJeVpyMHc4clB0bGkxUWZoNklobURKb3UxTFZkYV8tcWltRUszeC1XODVRcFRFeTViNXY2ME1qNUU1R29BY1VCalRXS2pXdU43UkVVaXJDdU9xY0ZjRktnaVdTNkotRTNn0gH_AUFVX3lxTE1UQ2sxUDFWenNwZlRCYS15ZkJ4Q2hUcUFSNGJPUkNPRno4cXplNWFKNVBMMGxTcmUyVGdiQk5jdEcwbVlwWENtblpBc28zY25hTndTR2VnZHhuMHJGWDUyX1BKSURoaHROWjdqTWhLSTlMUWdwNFpHeWJiRkRpWTdBazcwaG9EV1hlUV8tS2V6NFhFTU5QN2l4Z0tFa2JBU2tBMmZmbWFvOFByMWFMUnFxczVCTzR1U2I5TlZrdFNySUgxUUJhYVRSeWxWdERNNlY0dnpIUVE3QUNxZnNILVo4UW41TFRuTXJ6T3dIRDFjNGQ0QW45Z3F6aDhtRjRpUQ?oc=5"" target=""_blank"">IBM CEO to Google, Amazon, Microsoft and other tech companies: Does not make sense to ...</a>&nbsp;&nbsp;<font color=""#6f6f6f"">The Times of India</font>",0.34
news,"Five Key Reasons Why Confluent Is Strategic To IBM - The Futurum Group <a href=""https://news.google.com/rss/articles/CBMijgFBVV95cUxOQnhFQ203RTBxYktHVlBBeGV5NHVRQ0ZxNlpfQm1SNkxwTXFuYlJGbmxZMmFlVDhwdmV2OUs0Nm1aSE9aZzJMQ19jSlhZalhISmYxRU1JR1VPd29sVzM1Vzh1RkwxWUNTWXV5bG15bWFRRnpzMGJ3bWpBT216OF9VTXo3NXFtNFQxV1YtdHBR?oc=5"" target=""_blank"">Five Key Reasons Why Confluent Is Strategic To IBM</a>&nbsp;&nbsp;<font color=""#6f6f6f"">The Futurum Group</font>",0.0
news,"IBM Acquires Confluent at $11BN to Boost Real-Time Data Accessibility - CX Today <a href=""https://news.google.com/rss/articles/CBMirAFBVV95cUxPblZacGJpdjhTdFFwY2R2ZDV4bUpkSjJzd3FSM1VXX1F6amRJWU1BaHRQblBkU0h3REI5aks0V3VKRWZEdXV4Q09FVXl5VEo0N2Y4SGU2elNuNDVuZWZ4RFVYOTdabGJMMUNRS2M0YlVobVAtMkp4VEtaMUlLazVOUXE0bFRsQ3hFVWtjbjB4YTlhNTkyVzhRdWNLNEFwdnJnMnlaU2NocUFzTXNo?oc=5"" target=""_blank"">IBM Acquires Confluent at $11BN to Boost Real-Time Data Accessibility</a>&nbsp;&nbsp;<font color=""#6f6f6f"">CX Today</font>",0.6597
news,"IBM moves to buy Confluent in an $11 billion cloud and AI deal - Cloud Computing News <a href=""https://news.google.com/rss/articles/CBMipgFBVV95cUxNRk1IYkozYm9OWUExeThOQjJNU1gyZzYwczlDSnZRcUg1X2JrMklWYlZnTHhSSFZZekVFdVROamhSNnNCWk14N0UydW4xQUVBXzNobGQ5VVNJeTRHZUYzRjM5dXRTRURBcE5Ia2pnWllxUmk3b3J6TlR2WFZzZXNDMDBqU3JDcXJqWmJyMGNZVms2cVhJS2xKb0sxenFMbmhtS2ZjeTR3?oc=5"" target=""_blank"">IBM moves to buy Confluent in an $11 billion cloud and AI deal</a>&nbsp;&nbsp;<font color=""#6f6f6f"">Cloud Computing News</font>",0.0
news,"IBM CEO Questions Profitability of AI Data Centre Boom - AI Magazine <a href=""https://news.google.com/rss/articles/CBMikAFBVV95cUxNd3BqbHgyZk96ZFhvSjFfOGhudW5qSXNiRnN5OU5Rbzg2UTlnSllXNWpiamdfRHZJS2thYmVQZVZ3b2FVV0JpVmxPeVV2UzhVYmlBbVdQNVphM0dERTlWdnpUMGZzalZmWGVlcWR2d3hjU1ROOWpsMjhuMTFvQjZCa01RWkFPcGh2SDBRLUV5ZHM?oc=5"" target=""_blank"">IBM CEO Questions Profitability of AI Data Centre Boom</a>&nbsp;&nbsp;<font color=""#6f6f6f"">AI Magazine</font>",0.4939
news,"IBM initiates global review of $330 mn media account; WPP Media opts out of defence - bestmediainfo.com <a href=""https://news.google.com/rss/articles/CBMi1AFBVV95cUxQaG1CaWloU2xhc0hmaW5rSlJWenZRSnZ2SmNydGtOTV9scGYxbXVoTmZuUmVkOHVMY19uU0M2eE1SN1A4amkyZ1o4Yi1KS2lteWRDNjcxSmdzWXB6MHZkMDdUSzVHQWdXYS1fM21zZkdTLVJHa3VNeWQzNDZYMDlmZjg0Q0ZFSzVVTmtXcW1yd0t2UXhtQ2xQak5ROWtzVHdNN0hOY2MtWTQ0aHlTbW9faUtSOU94RzBtMnY2d3AtUnY1eUdWZGpRV2JwYnZqandOaEpZedIB1AFBVV95cUxQaG1CaWloU2xhc0hmaW5rSlJWenZRSnZ2SmNydGtOTV9scGYxbXVoTmZuUmVkOHVMY19uU0M2eE1SN1A4amkyZ1o4Yi1KS2lteWRDNjcxSmdzWXB6MHZkMDdUSzVHQWdXYS1fM21zZkdTLVJHa3VNeWQzNDZYMDlmZjg0Q0ZFSzVVTmtXcW1yd0t2UXhtQ2xQak5ROWtzVHdNN0hOY2MtWTQ0aHlTbW9faUtSOU94RzBtMnY2d3AtUnY1eUdWZGpRV2JwYnZqandOaEpZeQ?oc=5"" target=""_blank"">IBM initiates global review of $330 mn media account; WPP Media opts out of defence</a>&nbsp;&nbsp;<font color=""#6f6f6f"">bestmediainfo.com</font>",0.1027
news,"IBM's Confluent buy has observability, IT ops implications - TechTarget <a href=""https://news.google.com/rss/articles/CBMiuAFBVV95cUxOdkUxS21OZXVwZ2gwdlJlTE5yR3RsSUluajJXRDhTai1NRzF3bzBtbEF1dEdkOWhfM2hUSHZQUXlDWElkM2x1bFFiXzBBU2dRSE82OHczeHpyS0R1QW9JSUxTdnVLVElNcng1ZV9RYURnNTVMNDlvaXVMcjdVX1hMV2ZVcXpXVFE1OVdsbjI2WnJZVjl3UU1CQi1QdU1IVWV6c2Q4MHBJTzY5WnY5T1BVcWZUclM2Q1lu?oc=5"" target=""_blank"">IBM's Confluent buy has observability, IT ops implications</a>&nbsp;&nbsp;<font color=""#6f6f6f"">TechTarget</font>",0.0
news,"IBM To Acquire Confluent In $11 Bn Deal - BW Businessworld <a href=""https://news.google.com/rss/articles/CBMiigFBVV95cUxOeW52MjJhcEl5OGt6LVNNb21ianVLWXR0c1ByWG9iUWJjWWRrdWg5QWFaT1JfMXppZFV4c2JpMW9KMDEwTzdVT19Oc19OaF9LQ0hXNXk0R3lISDdCbUdudGhKMTM3SmJ5ZmVlWm9JRjNQZV9ocGxwX2FDc2pfRWRpZjl1MHBoM3JWaGc?oc=5"" target=""_blank"">IBM To Acquire Confluent In $11 Bn Deal</a>&nbsp;&nbsp;<font color=""#6f6f6f"">BW Businessworld</font>",0.0
news,"Ensuring Accuracy in LLM-Generated Hardware Logic Design Automation (IBM Research) - Semiconductor Engineering <a href=""https://news.google.com/rss/articles/CBMirgFBVV95cUxQVkZDLU5kU2Z6d3doTVY1M29MbG1qT0VBOXN1N2ZHOGdlRnhlcThSRml4ZVNuS081dVl6dnRiLVJDZGJvOE5wZ3dMdlRjYzJoN00zUi0zUkk1Yi1kOW1SQVlCVlNhbXNqczc1eTNFZHYtT0p5ZG1pRnpMMDNqVk5pblUxZDhKUHc3ZVhtY3l5cEtGU3p1QTA4b2txOXk0NjBnanZ3NVJXSVM1dE9uY0E?oc=5"" target=""_blank"">Ensuring Accuracy in LLM-Generated Hardware Logic Design Automation (IBM Research)</a>&nbsp;&nbsp;<font color=""#6f6f6f"">Semiconductor Engineering</font>",0.2732
news,"IBM in Advanced Talks to Acquire Confluent - ERP Today <a href=""https://news.google.com/rss/articles/CBMibkFVX3lxTE5CRnV0TVFfOFJsQVVCcVpmMERHSmZDOGVqd0dhbkdNaW5kQjc5QlE0WDZyZWpNbDlpWU9oRV84R2JfdmUxTDJ4dmRwTDhxV3ZkUDROanRRYnEtX0EzWm1TUW0wcV9ITUF0TnZKc0xR?oc=5"" target=""_blank"">IBM in Advanced Talks to Acquire Confluent</a>&nbsp;&nbsp;<font color=""#6f6f6f"">ERP Today</font>",0.4588
news,"IBM accelerates cloud drive with $11 billion Confluent deal as AI demand booms - Reuters <a href=""https://news.google.com/rss/articles/CBMisAFBVV95cUxQTWNkdTFLeHpMOTFjVkVDdFNZVGpXcHpmdjZCQkR4NTR5UkNaVVJBbmZWSHFCa1NLQ2RyUkpLd0FTbnBGWEctR21pclZTSzJlR2Q1M1NQTElVazZzWW5BTnlYZ01TYlN2UjltUWFGaFhwa0pkRGJqa2d5WVNoN1Ayc1RFdzZHdWc1aFc4ZGJGLW9BYUtVWDM3VXZtU0hfN2NkVEZqT0EySG51em81TUZ4Tw?oc=5"" target=""_blank"">IBM accelerates cloud drive with $11 billion Confluent deal as AI demand booms</a>&nbsp;&nbsp;<font color=""#6f6f6f"">Reuters</font>",-0.25
news,"IBM reviews $330 mn global media account; WPP Media steps away from defence - Adgully.com <a href=""https://news.google.com/rss/articles/CBMiqwFBVV95cUxONlQ0Q3VZQWQxcmhLTUhqV2pJd2Zsb3lpd2hHRjBnNGNwcmdFNUR5WVd1WnhuMEVZYXVIak9YckdwY3RnR19WVXBiaW5vZzJTM3IwdlBacEtvcTJHY2F3NFhrYjRMZlZ6QzFNc0liSkExRlBCUVY0QWtxd1hnUzVHdVhGSmdyNDB3N1U2SkJSTVdqd0lBdWtvaWxDQTRuMzZmbUpINWtPdm12NXc?oc=5"" target=""_blank"">IBM reviews $330 mn global media account; WPP Media steps away from defence</a>&nbsp;&nbsp;<font color=""#6f6f6f"">Adgully.com</font>",0.1027
news,"IBM’s $11 Billion Confluent Deal Rewrites The Future Of AI And Blockchain - Forbes <a href=""https://news.google.com/rss/articles/CBMixgFBVV95cUxOV21KdWM4Y0FHamZSenczTGlJTlZ1YnI0N3FxTklBX3YwMDR2a0JHV1RHUUdDbEZseVhrY09KZms3cENmS2pnNFBGM1I2NUxoTkd6Vk8yZ2NjTVNZNHJSRTByOXZvT2QzZjBaZGdWRUctM3lWNi1UYXZzWFVUNk9jOTd6QmJVLVhORFJPUWRLX3VmLW93NHFUQm1nR1dDVkRFM1pWUlRzTldHcTdfNEtoZzBpQmxONzdseTV2SGVMMFhFM3RWWmc?oc=5"" target=""_blank"">IBM’s $11 Billion Confluent Deal Rewrites The Future Of AI And Blockchain</a>&nbsp;&nbsp;<font color=""#6f6f6f"">Forbes</font>",0.0
news,"IBM to buy Confluent to extend its data and automation portfolio - cio.com <a href=""https://news.google.com/rss/articles/CBMiqAFBVV95cUxQY0RFNTJfZXBCWFJhWDNSM1NRS2tMUElxcm5PYTdRcTk4M0xfU3BkUjJnMTJfaU9oYU5OdG5RamtyVEUtM1BfUTJvcmVSMmJIbzhtM3pOZFpIRGRyRUtpeVBoWWstWUJPMHB3Q0x3UzJBS18tLXJRN2tUdXNxd1M5elNMbTJaZmtScjVjUUFZenhMc2FpSzJRRlp5V3RmZVVOeldRNmNSQ0o?oc=5"" target=""_blank"">IBM to buy Confluent to extend its data and automation portfolio</a>&nbsp;&nbsp;<font color=""#6f6f6f"">cio.com</font>",0.34
news,"IBM Calls Global Media Pitch Worth $330 Mn, WPP Steps Back - BW Marketing World <a href=""https://news.google.com/rss/articles/CBMipwFBVV95cUxPVHVIbEQwb2xSWGNZdVVjQWdHaENUTXJMZFJtMDBseFZSY1k0R1ZONy1RX3RHam9UZjJyNE1IdnBtcTMtaGxNVGZqVWdnUUJ1S0pzMU1qckJMbE92NHVQYWMtUGlDYUl5LTNYUmlWd2d0clJfeHUzV25EaGJ0V3EyOWk5cGVHVVJJTlRBc21kVWdueFBHVElSSEFURG5LSDZiWGRiVFc2MA?oc=5"" target=""_blank"">IBM Calls Global Media Pitch Worth $330 Mn, WPP Steps Back</a>&nbsp;&nbsp;<font color=""#6f6f6f"">BW Marketing World</font>",0.4215
news,"Street View: IBM powers up AI game with Confluent deal - TradingView <a href=""https://news.google.com/rss/articles/CBMiwAFBVV95cUxQVFNFTUxLUFpjVnlrejlzd2hySGw3OFltam96a21td1hOT3BmT1ZZWDkwRWx4dm5NSzY1MVpDcVNBU0NGR1F3VXUtYlFMczlTNHNWcUM4dUdVTEJRbE4tWWR2SjNyMVhtNW5ucDBPUFNMcjBwdlpFNWRYaUJRTTlfNUhZdXdNbURYUkRyS0NOY0twN1ZTRlZtSWVGX3FFLTd4OXpfZF9JU1BtZExrUUF2TFo3WmtIY2ctYTdhemdIX2E?oc=5"" target=""_blank"">Street View: IBM powers up AI game with Confluent deal</a>&nbsp;&nbsp;<font color=""#6f6f6f"">TradingView</font>",0.0
news,"Big Tech joins the race to build the world’s heaviest airplane - Cory Doctorow – Medium <a href=""https://news.google.com/rss/articles/CBMizAFBVV95cUxONmNsM0dJWkdhOGszamtlYWJJTHBsdm9sWU0ycFJwTGRsN21fNjlUUnZQUDduMGJ3N2lVQzRGdEJGYm9xMU1RMlpHZF9jS3luaTZfM2tKWHBSbDJVYlVUUVRWR3RSSVRQUDdZMXVqRUwtMFlZQW04enV4TlV4MmFLV3UyMFJFTDJsMF90cTNNbnd5cnpOZmkwdTVfQmp0aU1CWW5pS0tXRGtIVVNpc05Oak5xXzBQcjNhejYzM0xBZUloSkZqU0duQ0syVzE?oc=5"" target=""_blank"">Big Tech joins the race to build the world’s heaviest airplane</a>&nbsp;&nbsp;<font color=""#6f6f6f"">Cory Doctorow – Medium</font>",0.0
news,"IBM to Acquire Confluent for $11B - GovCon Wire <a href=""https://news.google.com/rss/articles/CBMid0FVX3lxTE5CSHlvTFFrdW9tSWdaSzh5SnpuZnJZTVNLZXNtYnNWZjZ5ZGR2LTFRd3V5MUxwTkVHaUwyY0JwM0h1SF9GT3l1WF9FOGNOY2tLM1dwRjdnUTMtdXNhN0FIQlR3alBfd004WEFsOC1fb0JuSDBadGc4?oc=5"" target=""_blank"">IBM to Acquire Confluent for $11B</a>&nbsp;&nbsp;<font color=""#6f6f6f"">GovCon Wire</font>",0.0
news,"Why IBM wants Confluent as part of its AI and cloud strategy - Tech Wire Asia <a href=""https://news.google.com/rss/articles/CBMimgFBVV95cUxORXljUGsyRHRodzlVd0cwR3llaUdkSGlWVEcyYVhFSHAtUllHS1NJZnNSN0lyb3lsY1JLVzdXUDZEWE9CNUU5dmJiTjgybjlUbUIwbTloMGh0U3JGWEwzdXdTRDM0eU9McE9zNmpqV19sLUpJYUZHOXAyX2xXWEh4S0hYbE54cVpoQ3ZsYXZKbi04ejA3UjRNeEhn?oc=5"" target=""_blank"">Why IBM wants Confluent as part of its AI and cloud strategy</a>&nbsp;&nbsp;<font color=""#6f6f6f"">Tech Wire Asia</font>",0.0
news,"IBM buys Confluent for 11 billion in real time data push - dqindia.com <a href=""https://news.google.com/rss/articles/CBMimgFBVV95cUxOQ21iM19uV2pOZFl3ZW5KU09ZX2d5NjhNa0g3NDFfVG1waGpjWFMwMDdUd2dfQjhZOHhISV96d0JWRndxcnQxb2ZOTFRlZTlISjl1NmRmQldqV1hydmZMdXIyTzBCSHF0N09DZEhjQ3k0ZVRuRGtxTENSLUVaQ3VBNGFPYWl1M3J3eERhREtuMGkxSXhMUjU0ZFZR0gGaAUFVX3lxTE5DbWIzX25Xak5kWXdlbkpTT1lfZ3k2OE1rSDc0MV9UbXBoamNYUzAwN1R3Z19COFk4eEhJX3p3QlZGd3FydDFvZk5MVGVlOUhKOXU2ZGZCV2pXWHJ2Zkx1cjJPMEJIcXQ3T0NkSGNDeTRlVG5Ea3FMQ1ItRVpDdUE0YU9haXUzcnd4RGFES24waTFJeExSNTRkVlE?oc=5"" target=""_blank"">IBM buys Confluent for 11 billion in real time data push</a>&nbsp;&nbsp;<font color=""#6f6f6f"">dqindia.com</font>",0.0
news,"$11B Confluent deal catapults IBM deeper into AI data streaming wars - Tech Funding News <a href=""https://news.google.com/rss/articles/CBMinAFBVV95cUxPZ283NUUzXzMwYkNxYjVrLVJRU0pSQ0JSZUZqTGJ2Y2RxZ1hzZlJ2WFlyZFNDV3pEYWwxdmo1X2tWUERvNDVCUHhlQkJ6TWdUZ3MxMXZvUDN3RWxhZzhGWGNkX0xfTGFoVHY5alU2TzM4Z1BGZnd3aHBuUEg5TnJwbFprYl9GUDFpOEtlaEs0dllKU25wd1FvamRwWFU?oc=5"" target=""_blank"">$11B Confluent deal catapults IBM deeper into AI data streaming wars</a>&nbsp;&nbsp;<font color=""#6f6f6f"">Tech Funding News</font>",-0.5574
news,"Evening digest: Paramount’s $108B shock bid, IBM’s AI push, JPMorgan’s new power hire By Invezz - Investing.com India <a href=""https://news.google.com/rss/articles/CBMizwFBVV95cUxPS3ZZbFNVNW91alB2Q1ZaREdfclBXZm5VbEJpR0YyYmZ3MEdrZmhRMkNWak9KWW5mZElPNV9EVi1Yckh2ckltaEl0UUJqWURBUW1FUEgzQjJESmptdTYxRDc4bWVBUUx6MEFRb2YwamJwdVBHVkgyX05uVW02dU5CMlN3cnJLdkdnY3lTUU92NUZrS3kzMXZkSW03VzNQM2k2dTdKQVN4QW9oTVExbDgxTDNjR1o0eXN1ZWVmbUllT0NiYlNwZnJkREFnNDBySHc?oc=5"" target=""_blank"">Evening digest: Paramount’s $108B shock bid, IBM’s AI push, JPMorgan’s new power hire By Invezz</a>&nbsp;&nbsp;<font color=""#6f6f6f"">Investing.com India</font>",-0.6369
news,"IBM to acquire Confluent for $11B - Frontier Enterprise <a href=""https://news.google.com/rss/articles/CBMieEFVX3lxTFA4d0Z1MUlxbzVGb0c1bEZ4Z1ZhODdFdms3a215WHNScHNRdUF5TGVsN3JPSFNqd2F5eUlCZ0ttc2JUWXdGN2FlM3k1QTlzcVp5eGNIN0lqOThGR3VvZVNWM0UtSDVCR3BneGpfZ2RnS280YmtyWGFGWg?oc=5"" target=""_blank"">IBM to acquire Confluent for $11B</a>&nbsp;&nbsp;<font color=""#6f6f6f"">Frontier Enterprise</font>",0.0
news,"IBM buys Confluent for $11 billion: Here's what Big Blue gets - Constellation Research <a href=""https://news.google.com/rss/articles/CBMipwFBVV95cUxPM3JPdE9ueXRJRFRKc3oxUkxjZ2RVc1FJZHpGdVIxQ1ZhNVlIZmxvYUw0YXJSVXg5NVM4WEw3aGJkeGRvSGJuM18wb2wyZGpDaXFfRXhJTHlVVDVQWHNSWUNKWnJMbVhzY3MxdHV0c25MeGNNVW5IQm1LaUJrbDBFekVEdDdqQlNnTGY4dG9OWjktMUVuMUJoMVFENm92Y1RsaF9RMVlxbw?oc=5"" target=""_blank"">IBM buys Confluent for $11 billion: Here's what Big Blue gets</a>&nbsp;&nbsp;<font color=""#6f6f6f"">Constellation Research</font>",0.0
news,"IBM ingests Confluent in $11B smart data streaming play - SDxCentral <a href=""https://news.google.com/rss/articles/CBMikAFBVV95cUxOSUwtZ3RGNlN3cWFxNG5Ed1lQbTZPcGpkOHdWdXc5VzVLTEkydFYwVjVFRGhlYXBWZmpPLTc0WTZsZU9NMWphZWJ3aENudzJDVUZuRFF3cVJrcXBPRTNDbXE0bU5XanNnTFp2cVFsc3JjOVViOUhGTHZhd2hvWXc2ZzJyRkNDVHBOUlliYkRoZzI?oc=5"" target=""_blank"">IBM ingests Confluent in $11B smart data streaming play</a>&nbsp;&nbsp;<font color=""#6f6f6f"">SDxCentral</font>",0.7783
news,"IBM snaps up Confluent in $11B all-cash deal - Blocks and Files <a href=""https://news.google.com/rss/articles/CBMiYkFVX3lxTE0tVDRCS01jeTRiS0I0a1g1dF8xLTZQS3dHaUZET0l4LWZxX1ZIbVdVUmlRbVp3SFUyeEdKV0RuUF9OZW96eUpibDJpWFpENW5IODVyY3lpU3hnbmlnUFhtSkRn?oc=5"" target=""_blank"">IBM snaps up Confluent in $11B all-cash deal</a>&nbsp;&nbsp;<font color=""#6f6f6f"">Blocks and Files</font>",-0.2263
news,"IBM Snaps Up Confluent in an $11 Billion Deal to Supercharge AI Data Infrastructure - Redmond Channel Partner <a href=""https://news.google.com/rss/articles/CBMidEFVX3lxTE16SkdsVFlXRVhSNHVNT3hvM1ZzZllWeHp0bkEtbUtvYURQSXFudUF3RnVsbHhxWUZtei1pOHZ3WVdHeWNaTkxsc1J4TWtIM25CSFUtNldtVkRKT0hRaGJfbHVxZXhFWlBJLWwxbGF2X2cwU3pH?oc=5"" target=""_blank"">IBM Snaps Up Confluent in an $11 Billion Deal to Supercharge AI Data Infrastructure</a>&nbsp;&nbsp;<font color=""#6f6f6f"">Redmond Channel Partner</font>",0.0
news,"IBM to acquire Confluent stock in $11B deal, RBC downgrades stock rating - Investing.com India <a href=""https://news.google.com/rss/articles/CBMiyAFBVV95cUxNUi0xa1lBYmEtRFZZTWdYTGRybzFTcF9lejl0Q3ZkaVJiYTF2cVlMcWp4RmQtR2ZJeWpzUURpSnNySUJBMUVGQmlVQlBtdHJRSnhUNVQ0YUdhRmRkcGpodi1nNDVRcUJqNmVnWUgzbTlPck9Bc090RGJkcDBqWVk5X0dXM2lmaFBsdTlqMGwxbmdzaVVzMEJxT0haeGE5VkNjRUpicFE3VDgycUEwZVRDM3poSVBXVVVsMlZLM0w4cWlaWFdraGxKVA?oc=5"" target=""_blank"">IBM to acquire Confluent stock in $11B deal, RBC downgrades stock rating</a>&nbsp;&nbsp;<font color=""#6f6f6f"">Investing.com India</font>",0.0
news,"NITI Aayog & IBM Unveil Roadmap to Make India a Top-3 Quantum Economy by 2047 - News On AIR <a href=""https://news.google.com/rss/articles/CBMitAFBVV95cUxNLWd6anh3RW9jc19nMjFzZl9PTGMwQnR3YUotS245WUp0SDNIUGJHcERPWEduMUNKU1JoMG1rV2F5LWNpZDVCODNXdmthbjRGMVpTdUhZMjBQaEdsQjNyeGVEeFFnWDdfejllTW9aWk1DejE3UFhjV1B3N0VWbzN2UEk4M0xkVFlTYkF3RTFfdFZnazZjY3pWM3ltU0I3MDVPaWJYN0RfQlpQbUY1WVl2a1lxWmU?oc=5"" target=""_blank"">NITI Aayog & IBM Unveil Roadmap to Make India a Top-3 Quantum Economy by 2047</a>&nbsp;&nbsp;<font color=""#6f6f6f"">News On AIR</font>",0.0
hackernews,IBM acquires Red Hat,0.0
hackernews,"IBM is not doing ""cognitive computing"" with Watson (2016)",0.0
hackernews,IBM CEO says there is 'no way' spending on AI data centers will pay off,-0.1027
hackernews,IBM employee forced to stop kernel work under personal email address,-0.6369
hackernews,IBM’s Watson Health is sold off in parts,0.0
hackernews,IBM's Asshole Test,0.0
hackernews,IBM is splitting itself into two public companies,0.0
hackernews,IBM Open-Sources Power Chip Instruction Set,0.0
hackernews,IBM creates 2nm chip,0.2732
hackernews,Show HN: My self-written hobby OS is finally running on my vintage IBM ThinkPad,0.0
hackernews,"Facebook, Amazon, Google, IBM and Microsoft Create Partnership on AI",0.4215
hackernews,Layoffs at Watson Health Reveal IBM’s Problem with AI,-0.4019
hackernews,Evertop: E-ink IBM XT clone with 100+ hours of battery life,0.0
hackernews,IBM to buy HashiCorp in $6.4B deal,0.0
hackernews,IBM Closes Acquisition of Red Hat for $34B,0.0
hackernews,IBM’s Old Playbook,0.0
hackernews,A rising sentiment that IBM’s Watson can’t deliver on its promises,0.3818
hackernews,IBM completes acquisition of HashiCorp,0.0
hackernews,"IBM is not doing ""cognitive computing"" with Watson",0.0
hackernews,IBM Is Being Sued for Age Discrimination After Firing Thousands,-0.34
